{
  "dataset": "chinese_ai",
  "n_docs": 75,
  "svd_energy_ratio": 0.21251391417050353,
  "lsi_topics": [
    {
      "topic_id": 0,
      "terms": [
        [
          "ai",
          0.4095618556979943
        ],
        [
          "人工智能",
          0.3666383434359758
        ],
        [
          "智能",
          0.2178865022008673
        ],
        [
          "技术",
          0.19031625412045272
        ],
        [
          "2025",
          0.16471887306983368
        ],
        [
          "研究",
          0.15450136190264988
        ],
        [
          "发展",
          0.150257372890872
        ],
        [
          "应用",
          0.14010292293507495
        ],
        [
          "学习",
          0.1291742540882784
        ],
        [
          "计算机",
          0.12096068826440627
        ]
      ]
    },
    {
      "topic_id": 1,
      "terms": [
        [
          "学习",
          0.41266722122365457
        ],
        [
          "计算机",
          0.2539777967422824
        ],
        [
          "智能",
          0.24950147246425228
        ],
        [
          "人类",
          0.15973243414779806
        ],
        [
          "知识",
          0.1346254488686834
        ],
        [
          "研究",
          0.12929780149482414
        ],
        [
          "处理",
          0.11870349633213767
        ],
        [
          "机器",
          0.11288148333506717
        ],
        [
          "深度",
          0.11182318195639325
        ],
        [
          "学科",
          0.10270940403132053
        ]
      ]
    },
    {
      "topic_id": 2,
      "terms": [
        [
          "学习",
          0.5066872884827757
        ],
        [
          "深度",
          0.2486056347135948
        ],
        [
          "数据",
          0.23726591618181092
        ],
        [
          "模型",
          0.1475285890608251
        ],
        [
          "训练",
          0.13965589086762387
        ],
        [
          "神经网络",
          0.12573091907002437
        ],
        [
          "发展",
          0.1047516246312414
        ],
        [
          "构建",
          0.10076972550251174
        ],
        [
          "强大",
          0.0995645446503402
        ],
        [
          "提供",
          0.09956324442116173
        ]
      ]
    },
    {
      "topic_id": 3,
      "terms": [
        [
          "智能",
          0.38586660545217194
        ],
        [
          "机器人",
          0.22114113000167998
        ],
        [
          "ai",
          0.1725395930869444
        ],
        [
          "学习",
          0.14250418255206848
        ],
        [
          "医疗",
          0.1115011091798409
        ],
        [
          "应用",
          0.10909640341585759
        ],
        [
          "系统",
          0.10447691505354288
        ],
        [
          "技术",
          0.09694878140713958
        ],
        [
          "推荐",
          0.09046641258352092
        ],
        [
          "领域",
          0.08803943411641951
        ]
      ]
    },
    {
      "topic_id": 4,
      "terms": [
        [
          "ai",
          0.3786272527427569
        ],
        [
          "计算机",
          0.14993981130204648
        ],
        [
          "人类",
          0.12628087021741677
        ],
        [
          "学习",
          0.12387923033422625
        ],
        [
          "数学",
          0.12214447599740591
        ],
        [
          "处理",
          0.1070915423154516
        ],
        [
          "创作",
          0.09257488261381445
        ],
        [
          "行业",
          0.08842824171586804
        ],
        [
          "无人机",
          0.08779426207049969
        ],
        [
          "自然语言",
          0.0821202076807133
        ]
      ]
    }
  ],
  "lda_topics": [
    {
      "topic_id": 0,
      "terms": [
        [
          "人工智能",
          25.136131741831242
        ],
        [
          "计算机",
          14.209318739629103
        ],
        [
          "数学",
          13.200808409535192
        ],
        [
          "学科",
          10.202455603465259
        ],
        [
          "发展",
          7.084732083470064
        ],
        [
          "应用",
          5.202425788230433
        ],
        [
          "人类",
          5.201484426137953
        ],
        [
          "思维",
          5.200948560161136
        ],
        [
          "学习",
          4.383587238279477
        ],
        [
          "机器",
          4.2014337772284716
        ]
      ]
    },
    {
      "topic_id": 1,
      "terms": [
        [
          "ai",
          2407.206473370147
        ],
        [
          "人工智能",
          2001.1830801226586
        ],
        [
          "2025",
          728.2079315597396
        ],
        [
          "技术",
          642.1785811251498
        ],
        [
          "智能",
          569.8224880951509
        ],
        [
          "研究",
          480.2004540431594
        ],
        [
          "发展",
          474.1991279350983
        ],
        [
          "发布",
          402.19999536678205
        ],
        [
          "使用",
          393.2008562533213
        ],
        [
          "生成",
          386.2009685836618
        ]
      ]
    },
    {
      "topic_id": 2,
      "terms": [
        [
          "人工智能",
          9.200526662391368
        ],
        [
          "智能",
          7.207873948219369
        ],
        [
          "机器人",
          4.202194244886441
        ],
        [
          "进展",
          3.204770577065547
        ],
        [
          "了解",
          3.200546231078581
        ],
        [
          "取得",
          3.195903694526627
        ],
        [
          "医疗",
          2.20227717789201
        ],
        [
          "美国",
          2.200541309192087
        ],
        [
          "涉及",
          2.2005076552520033
        ],
        [
          "思维",
          2.200079943680427
        ]
      ]
    },
    {
      "topic_id": 3,
      "terms": [
        [
          "学习",
          16.92631711389797
        ],
        [
          "计算机",
          9.208326845251644
        ],
        [
          "数据",
          6.465782001747869
        ],
        [
          "方法",
          6.202803444164807
        ],
        [
          "一种",
          6.201312856102923
        ],
        [
          "经验",
          6.200152021278594
        ],
        [
          "模型",
          5.204416278752087
        ],
        [
          "人类",
          5.200874462323067
        ],
        [
          "创造",
          5.200104905345933
        ],
        [
          "实践",
          4.201568710322725
        ]
      ]
    },
    {
      "topic_id": 4,
      "terms": [
        [
          "智能",
          15.212522771319424
        ],
        [
          "人工智能",
          14.201417163105997
        ],
        [
          "ai",
          13.199132474349256
        ],
        [
          "技术",
          11.209186145565194
        ],
        [
          "研究",
          8.203704102305247
        ],
        [
          "应用",
          6.205012625002165
        ],
        [
          "知识",
          6.2020359377411065
        ],
        [
          "系统",
          5.201046051881649
        ],
        [
          "领域",
          5.040391286339208
        ],
        [
          "理论",
          4.202228935416342
        ]
      ]
    }
  ],
  "query_doc_id": 0,
  "query_preview": "人工智能（Artificial Intelligence，简称AI）是计算机科学的一个分支，旨在研究和开发能够模拟、延伸和扩展人类智能的理论、方法、技术及应用系统。",
  "knn_recommendations": [
    {
      "doc_id": 38,
      "distance": 0.01965900533540732,
      "preview": "人工智能（Artificial Intelligence），英文缩写为AI。是研究、开发用于模拟、延伸和扩展人的智能的理论、方法、技术及应用系统的一门新技术科学。人工智能是计算机科学的一个分支，它企图了解智能的实质，并生产出一种新的能以人类"
    },
    {
      "doc_id": 44,
      "distance": 0.05344328782768426,
      "preview": "尼尔逊教授对人工智能下了这样一个定义：“人工智能是关于知识的学科――怎样表示知识以及怎样获得知识并使用知识的科学。”而另一个美国麻省理工学院的温斯顿教授认为：“人工智能就是研究如何使计算机去做过去只有人才能做的智能工作。”这些说法反映了人工"
    },
    {
      "doc_id": 43,
      "distance": 0.061333935461609146,